Class,Centroid Shift (L2),MMD^2
empty,1.092,1.232883
sleep,0.8593,0.60388
work,2.4708,0.212214
