Class,Centroid Shift (L2),MMD^2
eat,2.1112,0.340082
empty,0.0573,0.197842
watch,6.1605,1.172687
work,2.703,0.200659
