Class,Centroid Shift (L2),MMD^2
empty,0.3169,0.954304
five,0.2281,0.050403
one,3.8425,0.473295
two,2.7015,0.185946
